"age_group","so_luong","ty_le","ty_le_pct"
"4-7 nam",1796,0.40314253647587,"40.31%"
"0-3 nam",1264,0.283726150392817,"28.37%"
"8-12 nam",989,0.221997755331089,"22.2%"
"Tren 12 nam",406,0.0911335578002245,"9.11%"
