"fuel_type","so_luong","ty_le","ty_le_pct"
"Xăng",3337,0.749046015712682,"74.9%"
"Dầu",716,0.160718294051627,"16.07%"
"Điện",267,0.0599326599326599,"5.99%"
"Hybrid",135,0.0303030303030303,"3.03%"
